country,emission,sink ton/yr
Argentina,198000000,179000000
Australia,389000000,287000000
Brazil,819000000,1810000000
Canada,615000000,1360000000
Chile,33500000,275000000
China,10100000000,749000000
Russia,1150000000,400000000
United States,4590000000,1530000000
Zambia,39500000,50100000
Zimbabwe,98900000,4970000
